accuracy,f1_score,f1_macro,f1_micro,precision,recall,roc_auc,loss
0.24612075587647872,0.1879919319958232,0.15724299240122186,0.24612075587647872,0.24027926203640534,0.24612075587647872,0.6936136686439851,1.983322176066312
