accuracy,f1_score,f1_macro,f1_micro,precision,recall,roc_auc,loss
0.2481228340392761,0.1694648033213541,0.12755443392814433,0.2481228340392761,0.16171495943613154,0.2481228340392761,0.6772511988354714,1.9976305311376399
