accuracy,f1_score,f1_macro,f1_micro,precision,recall,roc_auc,loss
0.20356429559072053,0.13221473933611555,0.10667498019383939,0.20356429559072053,0.15567255787362583,0.20356429559072053,0.59973335955478,2.1053431828816733
